<annotation>
	<folder>my-project-name</folder>
	<filename>Screenshot 2024-11-08 at 8.29.48 AM.png</filename>
	<path>/my-project-name/Screenshot 2024-11-08 at 8.29.48 AM.png</path>
	<source>
		<database>Unspecified</database>
	</source>
	<size>
		<width>2940</width>
		<height>1912</height>
		<depth>3</depth>
	</size>
	<object>
		<name>Krabby Patty</name>
		<pose>Unspecified</pose>
		<truncated>0</truncated>
		<difficult>0</difficult>
		<bndbox>
			<xmin>440</xmin>
			<ymin>772</ymin>
			<xmax>974</xmax>
			<ymax>1279</ymax>
		</bndbox>
	</object>
	<object>
		<name>Krabby Patty</name>
		<pose>Unspecified</pose>
		<truncated>0</truncated>
		<difficult>0</difficult>
		<bndbox>
			<xmin>1925</xmin>
			<ymin>892</ymin>
			<xmax>2620</xmax>
			<ymax>1441</ymax>
		</bndbox>
	</object>
</annotation>