<annotation>
	<folder>my-project-name</folder>
	<filename>Screenshot 2024-11-07 at 3.00.50 PM.png</filename>
	<path>/my-project-name/Screenshot 2024-11-07 at 3.00.50 PM.png</path>
	<source>
		<database>Unspecified</database>
	</source>
	<size>
		<width>2940</width>
		<height>1912</height>
		<depth>3</depth>
	</size>
	<object>
		<name>Krabby Patty</name>
		<pose>Unspecified</pose>
		<truncated>0</truncated>
		<difficult>0</difficult>
		<bndbox>
			<xmin>1196</xmin>
			<ymin>909</ymin>
			<xmax>1481</xmax>
			<ymax>1210</ymax>
		</bndbox>
	</object>
	<object>
		<name>Krabby Patty</name>
		<pose>Unspecified</pose>
		<truncated>0</truncated>
		<difficult>0</difficult>
		<bndbox>
			<xmin>1632</xmin>
			<ymin>1247</ymin>
			<xmax>1842</xmax>
			<ymax>1420</ymax>
		</bndbox>
	</object>
</annotation>