<annotation>
	<folder>my-project-name</folder>
	<filename>Screenshot 2024-11-08 at 8.49.44 AM.png</filename>
	<path>/my-project-name/Screenshot 2024-11-08 at 8.49.44 AM.png</path>
	<source>
		<database>Unspecified</database>
	</source>
	<size>
		<width>2940</width>
		<height>1912</height>
		<depth>3</depth>
	</size>
	<object>
		<name>Krabby Patty</name>
		<pose>Unspecified</pose>
		<truncated>0</truncated>
		<difficult>0</difficult>
		<bndbox>
			<xmin>1519</xmin>
			<ymin>1024</ymin>
			<xmax>1654</xmax>
			<ymax>1099</ymax>
		</bndbox>
	</object>
	<object>
		<name>Krabby Patty</name>
		<pose>Unspecified</pose>
		<truncated>0</truncated>
		<difficult>0</difficult>
		<bndbox>
			<xmin>534</xmin>
			<ymin>1016</ymin>
			<xmax>639</xmax>
			<ymax>1155</ymax>
		</bndbox>
	</object>
	<object>
		<name>Krabby Patty</name>
		<pose>Unspecified</pose>
		<truncated>0</truncated>
		<difficult>0</difficult>
		<bndbox>
			<xmin>586</xmin>
			<ymin>1024</ymin>
			<xmax>729</xmax>
			<ymax>1200</ymax>
		</bndbox>
	</object>
	<object>
		<name>Krabby Patty</name>
		<pose>Unspecified</pose>
		<truncated>0</truncated>
		<difficult>0</difficult>
		<bndbox>
			<xmin>673</xmin>
			<ymin>1027</ymin>
			<xmax>838</xmax>
			<ymax>1163</ymax>
		</bndbox>
	</object>
</annotation>