<annotation>
	<folder>my-project-name</folder>
	<filename>Screenshot 2024-11-08 at 2.15.53 PM.png</filename>
	<path>/my-project-name/Screenshot 2024-11-08 at 2.15.53 PM.png</path>
	<source>
		<database>Unspecified</database>
	</source>
	<size>
		<width>2940</width>
		<height>1912</height>
		<depth>3</depth>
	</size>
	<object>
		<name>Krabby Patty</name>
		<pose>Unspecified</pose>
		<truncated>0</truncated>
		<difficult>0</difficult>
		<bndbox>
			<xmin>887</xmin>
			<ymin>1257</ymin>
			<xmax>1143</xmax>
			<ymax>1437</ymax>
		</bndbox>
	</object>
	<object>
		<name>Krabby Patty</name>
		<pose>Unspecified</pose>
		<truncated>0</truncated>
		<difficult>0</difficult>
		<bndbox>
			<xmin>1124</xmin>
			<ymin>1287</ymin>
			<xmax>1312</xmax>
			<ymax>1539</ymax>
		</bndbox>
	</object>
</annotation>