<annotation>
	<folder>my-project-name</folder>
	<filename>Screenshot 2024-11-07 at 3.00.44 PM.png</filename>
	<path>/my-project-name/Screenshot 2024-11-07 at 3.00.44 PM.png</path>
	<source>
		<database>Unspecified</database>
	</source>
	<size>
		<width>2940</width>
		<height>1912</height>
		<depth>3</depth>
	</size>
	<object>
		<name>Krabby Patty</name>
		<pose>Unspecified</pose>
		<truncated>0</truncated>
		<difficult>0</difficult>
		<bndbox>
			<xmin>1229</xmin>
			<ymin>631</ymin>
			<xmax>1436</xmax>
			<ymax>815</ymax>
		</bndbox>
	</object>
	<object>
		<name>Krabby Patty</name>
		<pose>Unspecified</pose>
		<truncated>0</truncated>
		<difficult>0</difficult>
		<bndbox>
			<xmin>1417</xmin>
			<ymin>804</ymin>
			<xmax>1632</xmax>
			<ymax>969</ymax>
		</bndbox>
	</object>
	<object>
		<name>Krabby Patty</name>
		<pose>Unspecified</pose>
		<truncated>0</truncated>
		<difficult>0</difficult>
		<bndbox>
			<xmin>1496</xmin>
			<ymin>499</ymin>
			<xmax>1681</xmax>
			<ymax>706</ymax>
		</bndbox>
	</object>
</annotation>