<annotation>
	<folder>my-project-name</folder>
	<filename>Screenshot 2024-11-08 at 8.45.08 AM.png</filename>
	<path>/my-project-name/Screenshot 2024-11-08 at 8.45.08 AM.png</path>
	<source>
		<database>Unspecified</database>
	</source>
	<size>
		<width>2940</width>
		<height>1912</height>
		<depth>3</depth>
	</size>
	<object>
		<name>Krabby Patty</name>
		<pose>Unspecified</pose>
		<truncated>0</truncated>
		<difficult>0</difficult>
		<bndbox>
			<xmin>2391</xmin>
			<ymin>1494</ymin>
			<xmax>2579</xmax>
			<ymax>1670</ymax>
		</bndbox>
	</object>
	<object>
		<name>Krabby Patty</name>
		<pose>Unspecified</pose>
		<truncated>0</truncated>
		<difficult>0</difficult>
		<bndbox>
			<xmin>2248</xmin>
			<ymin>1535</ymin>
			<xmax>2425</xmax>
			<ymax>1670</ymax>
		</bndbox>
	</object>
	<object>
		<name>Krabby Patty</name>
		<pose>Unspecified</pose>
		<truncated>0</truncated>
		<difficult>0</difficult>
		<bndbox>
			<xmin>2098</xmin>
			<ymin>1531</ymin>
			<xmax>2293</xmax>
			<ymax>1678</ymax>
		</bndbox>
	</object>
	<object>
		<name>Krabby Patty</name>
		<pose>Unspecified</pose>
		<truncated>0</truncated>
		<difficult>0</difficult>
		<bndbox>
			<xmin>2207</xmin>
			<ymin>1456</ymin>
			<xmax>2369</xmax>
			<ymax>1584</ymax>
		</bndbox>
	</object>
	<object>
		<name>Krabby Patty</name>
		<pose>Unspecified</pose>
		<truncated>0</truncated>
		<difficult>0</difficult>
		<bndbox>
			<xmin>2139</xmin>
			<ymin>1449</ymin>
			<xmax>2444</xmax>
			<ymax>1550</ymax>
		</bndbox>
	</object>
</annotation>