<annotation>
	<folder>my-project-name</folder>
	<filename>Screenshot 2024-11-07 at 3.02.06 PM.png</filename>
	<path>/my-project-name/Screenshot 2024-11-07 at 3.02.06 PM.png</path>
	<source>
		<database>Unspecified</database>
	</source>
	<size>
		<width>2940</width>
		<height>1912</height>
		<depth>3</depth>
	</size>
	<object>
		<name>Krabby Patty</name>
		<pose>Unspecified</pose>
		<truncated>0</truncated>
		<difficult>0</difficult>
		<bndbox>
			<xmin>1797</xmin>
			<ymin>995</ymin>
			<xmax>2045</xmax>
			<ymax>1240</ymax>
		</bndbox>
	</object>
	<object>
		<name>Krabby Patty</name>
		<pose>Unspecified</pose>
		<truncated>0</truncated>
		<difficult>0</difficult>
		<bndbox>
			<xmin>662</xmin>
			<ymin>1225</ymin>
			<xmax>932</xmax>
			<ymax>1402</ymax>
		</bndbox>
	</object>
	<object>
		<name>Krabby Patty</name>
		<pose>Unspecified</pose>
		<truncated>0</truncated>
		<difficult>0</difficult>
		<bndbox>
			<xmin>801</xmin>
			<ymin>917</ymin>
			<xmax>1053</xmax>
			<ymax>1089</ymax>
		</bndbox>
	</object>
</annotation>