<annotation>
	<folder>my-project-name</folder>
	<filename>Screenshot 2024-11-07 at 2.45.32 PM.png</filename>
	<path>/my-project-name/Screenshot 2024-11-07 at 2.45.32 PM.png</path>
	<source>
		<database>Unspecified</database>
	</source>
	<size>
		<width>2704</width>
		<height>1466</height>
		<depth>3</depth>
	</size>
	<object>
		<name>Krabby Patty</name>
		<pose>Unspecified</pose>
		<truncated>0</truncated>
		<difficult>0</difficult>
		<bndbox>
			<xmin>363</xmin>
			<ymin>220</ymin>
			<xmax>775</xmax>
			<ymax>600</ymax>
		</bndbox>
	</object>
</annotation>