<annotation>
	<folder>my-project-name</folder>
	<filename>Screenshot 2024-11-08 at 8.37.19 AM.png</filename>
	<path>/my-project-name/Screenshot 2024-11-08 at 8.37.19 AM.png</path>
	<source>
		<database>Unspecified</database>
	</source>
	<size>
		<width>2940</width>
		<height>1912</height>
		<depth>3</depth>
	</size>
	<object>
		<name>Krabby Patty</name>
		<pose>Unspecified</pose>
		<truncated>0</truncated>
		<difficult>0</difficult>
		<bndbox>
			<xmin>1417</xmin>
			<ymin>1377</ymin>
			<xmax>1564</xmax>
			<ymax>1479</ymax>
		</bndbox>
	</object>
	<object>
		<name>Krabby Patty</name>
		<pose>Unspecified</pose>
		<truncated>0</truncated>
		<difficult>0</difficult>
		<bndbox>
			<xmin>1801</xmin>
			<ymin>1471</ymin>
			<xmax>1940</xmax>
			<ymax>1606</ymax>
		</bndbox>
	</object>
	<object>
		<name>Krabby Patty</name>
		<pose>Unspecified</pose>
		<truncated>0</truncated>
		<difficult>0</difficult>
		<bndbox>
			<xmin>2079</xmin>
			<ymin>1430</ymin>
			<xmax>2275</xmax>
			<ymax>1576</ymax>
		</bndbox>
	</object>
</annotation>