<annotation>
	<folder>my-project-name</folder>
	<filename>Screenshot 2024-11-07 at 2.56.16 PM.png</filename>
	<path>/my-project-name/Screenshot 2024-11-07 at 2.56.16 PM.png</path>
	<source>
		<database>Unspecified</database>
	</source>
	<size>
		<width>2940</width>
		<height>1912</height>
		<depth>3</depth>
	</size>
	<object>
		<name>Krabby Patty</name>
		<pose>Unspecified</pose>
		<truncated>0</truncated>
		<difficult>0</difficult>
		<bndbox>
			<xmin>1154</xmin>
			<ymin>597</ymin>
			<xmax>1414</xmax>
			<ymax>965</ymax>
		</bndbox>
	</object>
	<object>
		<name>Krabby Patty</name>
		<pose>Unspecified</pose>
		<truncated>0</truncated>
		<difficult>0</difficult>
		<bndbox>
			<xmin>2105</xmin>
			<ymin>995</ymin>
			<xmax>2248</xmax>
			<ymax>1089</ymax>
		</bndbox>
	</object>
</annotation>