<annotation>
	<folder>my-project-name</folder>
	<filename>Screenshot 2024-11-07 at 2.58.48 PM.png</filename>
	<path>/my-project-name/Screenshot 2024-11-07 at 2.58.48 PM.png</path>
	<source>
		<database>Unspecified</database>
	</source>
	<size>
		<width>2940</width>
		<height>1912</height>
		<depth>3</depth>
	</size>
	<object>
		<name>Krabby Patty</name>
		<pose>Unspecified</pose>
		<truncated>0</truncated>
		<difficult>0</difficult>
		<bndbox>
			<xmin>184</xmin>
			<ymin>883</ymin>
			<xmax>504</xmax>
			<ymax>1146</ymax>
		</bndbox>
	</object>
	<object>
		<name>Krabby Patty</name>
		<pose>Unspecified</pose>
		<truncated>0</truncated>
		<difficult>0</difficult>
		<bndbox>
			<xmin>1068</xmin>
			<ymin>819</ymin>
			<xmax>1327</xmax>
			<ymax>1120</ymax>
		</bndbox>
	</object>
	<object>
		<name>Krabby Patty</name>
		<pose>Unspecified</pose>
		<truncated>0</truncated>
		<difficult>0</difficult>
		<bndbox>
			<xmin>1748</xmin>
			<ymin>868</ymin>
			<xmax>2038</xmax>
			<ymax>1138</ymax>
		</bndbox>
	</object>
</annotation>