<annotation>
	<folder>my-project-name</folder>
	<filename>Screenshot 2024-11-08 at 8.50.12 AM.png</filename>
	<path>/my-project-name/Screenshot 2024-11-08 at 8.50.12 AM.png</path>
	<source>
		<database>Unspecified</database>
	</source>
	<size>
		<width>2940</width>
		<height>1912</height>
		<depth>3</depth>
	</size>
	<object>
		<name>Krabby Patty</name>
		<pose>Unspecified</pose>
		<truncated>0</truncated>
		<difficult>0</difficult>
		<bndbox>
			<xmin>60</xmin>
			<ymin>415</ymin>
			<xmax>1267</xmax>
			<ymax>1802</ymax>
		</bndbox>
	</object>
	<object>
		<name>Krabby Patty</name>
		<pose>Unspecified</pose>
		<truncated>0</truncated>
		<difficult>0</difficult>
		<bndbox>
			<xmin>1305</xmin>
			<ymin>403</ymin>
			<xmax>2609</xmax>
			<ymax>1866</ymax>
		</bndbox>
	</object>
</annotation>