<annotation>
	<folder>my-project-name</folder>
	<filename>Screenshot 2024-10-29 at 2.40.51 PM.png</filename>
	<path>/my-project-name/Screenshot 2024-10-29 at 2.40.51 PM.png</path>
	<source>
		<database>Unspecified</database>
	</source>
	<size>
		<width>2208</width>
		<height>1436</height>
		<depth>3</depth>
	</size>
	<object>
		<name>Krabby Patty</name>
		<pose>Unspecified</pose>
		<truncated>0</truncated>
		<difficult>0</difficult>
		<bndbox>
			<xmin>1409</xmin>
			<ymin>1171</ymin>
			<xmax>1720</xmax>
			<ymax>1431</ymax>
		</bndbox>
	</object>
	<object>
		<name>Krabby Patty</name>
		<pose>Unspecified</pose>
		<truncated>0</truncated>
		<difficult>0</difficult>
		<bndbox>
			<xmin>754</xmin>
			<ymin>1171</ymin>
			<xmax>1160</xmax>
			<ymax>1397</ymax>
		</bndbox>
	</object>
</annotation>