<annotation>
	<folder>my-project-name</folder>
	<filename>Screenshot 2024-11-08 at 8.32.06 AM.png</filename>
	<path>/my-project-name/Screenshot 2024-11-08 at 8.32.06 AM.png</path>
	<source>
		<database>Unspecified</database>
	</source>
	<size>
		<width>2940</width>
		<height>1912</height>
		<depth>3</depth>
	</size>
	<object>
		<name>Krabby Patty</name>
		<pose>Unspecified</pose>
		<truncated>0</truncated>
		<difficult>0</difficult>
		<bndbox>
			<xmin>2087</xmin>
			<ymin>693</ymin>
			<xmax>2263</xmax>
			<ymax>885</ymax>
		</bndbox>
	</object>
	<object>
		<name>Krabby Patty</name>
		<pose>Unspecified</pose>
		<truncated>0</truncated>
		<difficult>0</difficult>
		<bndbox>
			<xmin>2233</xmin>
			<ymin>723</ymin>
			<xmax>2376</xmax>
			<ymax>892</ymax>
		</bndbox>
	</object>
	<object>
		<name>Krabby Patty</name>
		<pose>Unspecified</pose>
		<truncated>0</truncated>
		<difficult>0</difficult>
		<bndbox>
			<xmin>2635</xmin>
			<ymin>994</ymin>
			<xmax>2854</xmax>
			<ymax>1253</ymax>
		</bndbox>
	</object>
</annotation>