<annotation>
	<folder>my-project-name</folder>
	<filename>Screenshot 2024-11-07 at 2.54.18 PM.png</filename>
	<path>/my-project-name/Screenshot 2024-11-07 at 2.54.18 PM.png</path>
	<source>
		<database>Unspecified</database>
	</source>
	<size>
		<width>2940</width>
		<height>1912</height>
		<depth>3</depth>
	</size>
	<object>
		<name>Krabby Patty</name>
		<pose>Unspecified</pose>
		<truncated>0</truncated>
		<difficult>0</difficult>
		<bndbox>
			<xmin>1440</xmin>
			<ymin>636</ymin>
			<xmax>1880</xmax>
			<ymax>1065</ymax>
		</bndbox>
	</object>
	<object>
		<name>Krabby Patty</name>
		<pose>Unspecified</pose>
		<truncated>0</truncated>
		<difficult>0</difficult>
		<bndbox>
			<xmin>1526</xmin>
			<ymin>1268</ymin>
			<xmax>1865</xmax>
			<ymax>1539</ymax>
		</bndbox>
	</object>
</annotation>