<annotation>
	<folder>my-project-name</folder>
	<filename>Screenshot 2024-11-07 at 3.06.58 PM.png</filename>
	<path>/my-project-name/Screenshot 2024-11-07 at 3.06.58 PM.png</path>
	<source>
		<database>Unspecified</database>
	</source>
	<size>
		<width>2940</width>
		<height>1912</height>
		<depth>3</depth>
	</size>
	<object>
		<name>Krabby Patty</name>
		<pose>Unspecified</pose>
		<truncated>0</truncated>
		<difficult>0</difficult>
		<bndbox>
			<xmin>1192</xmin>
			<ymin>971</ymin>
			<xmax>1545</xmax>
			<ymax>1189</ymax>
		</bndbox>
	</object>
</annotation>