<annotation>
	<folder>my-project-name</folder>
	<filename>Screenshot 2024-11-07 at 2.51.29 PM.png</filename>
	<path>/my-project-name/Screenshot 2024-11-07 at 2.51.29 PM.png</path>
	<source>
		<database>Unspecified</database>
	</source>
	<size>
		<width>2940</width>
		<height>1912</height>
		<depth>3</depth>
	</size>
	<object>
		<name>Krabby Patty</name>
		<pose>Unspecified</pose>
		<truncated>0</truncated>
		<difficult>0</difficult>
		<bndbox>
			<xmin>2602</xmin>
			<ymin>1056</ymin>
			<xmax>2707</xmax>
			<ymax>1255</ymax>
		</bndbox>
	</object>
	<object>
		<name>Krabby Patty</name>
		<pose>Unspecified</pose>
		<truncated>0</truncated>
		<difficult>0</difficult>
		<bndbox>
			<xmin>2387</xmin>
			<ymin>819</ymin>
			<xmax>2628</xmax>
			<ymax>999</ymax>
		</bndbox>
	</object>
	<object>
		<name>Krabby Patty</name>
		<pose>Unspecified</pose>
		<truncated>0</truncated>
		<difficult>0</difficult>
		<bndbox>
			<xmin>2244</xmin>
			<ymin>995</ymin>
			<xmax>2511</xmax>
			<ymax>1097</ymax>
		</bndbox>
	</object>
	<object>
		<name>Krabby Patty</name>
		<pose>Unspecified</pose>
		<truncated>0</truncated>
		<difficult>0</difficult>
		<bndbox>
			<xmin>2226</xmin>
			<ymin>1086</ymin>
			<xmax>2410</xmax>
			<ymax>1221</ymax>
		</bndbox>
	</object>
	<object>
		<name>Krabby Patty</name>
		<pose>Unspecified</pose>
		<truncated>0</truncated>
		<difficult>0</difficult>
		<bndbox>
			<xmin>2417</xmin>
			<ymin>1101</ymin>
			<xmax>2564</xmax>
			<ymax>1232</ymax>
		</bndbox>
	</object>
	<object>
		<name>Krabby Patty</name>
		<pose>Unspecified</pose>
		<truncated>0</truncated>
		<difficult>0</difficult>
		<bndbox>
			<xmin>2436</xmin>
			<ymin>1018</ymin>
			<xmax>2688</xmax>
			<ymax>1063</ymax>
		</bndbox>
	</object>
</annotation>