<annotation>
	<folder>my-project-name</folder>
	<filename>Screenshot 2024-11-07 at 2.51.10 PM.png</filename>
	<path>/my-project-name/Screenshot 2024-11-07 at 2.51.10 PM.png</path>
	<source>
		<database>Unspecified</database>
	</source>
	<size>
		<width>2940</width>
		<height>1912</height>
		<depth>3</depth>
	</size>
	<object>
		<name>Krabby Patty</name>
		<pose>Unspecified</pose>
		<truncated>0</truncated>
		<difficult>0</difficult>
		<bndbox>
			<xmin>1154</xmin>
			<ymin>1003</ymin>
			<xmax>1402</xmax>
			<ymax>1232</ymax>
		</bndbox>
	</object>
	<object>
		<name>Krabby Patty</name>
		<pose>Unspecified</pose>
		<truncated>0</truncated>
		<difficult>0</difficult>
		<bndbox>
			<xmin>1447</xmin>
			<ymin>1135</ymin>
			<xmax>1692</xmax>
			<ymax>1341</ymax>
		</bndbox>
	</object>
	<object>
		<name>Krabby Patty</name>
		<pose>Unspecified</pose>
		<truncated>0</truncated>
		<difficult>0</difficult>
		<bndbox>
			<xmin>977</xmin>
			<ymin>1180</ymin>
			<xmax>1241</xmax>
			<ymax>1360</ymax>
		</bndbox>
	</object>
	<object>
		<name>Krabby Patty</name>
		<pose>Unspecified</pose>
		<truncated>0</truncated>
		<difficult>0</difficult>
		<bndbox>
			<xmin>1218</xmin>
			<ymin>1236</ymin>
			<xmax>1432</xmax>
			<ymax>1375</ymax>
		</bndbox>
	</object>
</annotation>