<annotation>
	<folder>my-project-name</folder>
	<filename>Screenshot 2024-11-08 at 8.30.35 AM.png</filename>
	<path>/my-project-name/Screenshot 2024-11-08 at 8.30.35 AM.png</path>
	<source>
		<database>Unspecified</database>
	</source>
	<size>
		<width>2940</width>
		<height>1912</height>
		<depth>3</depth>
	</size>
	<object>
		<name>Krabby Patty</name>
		<pose>Unspecified</pose>
		<truncated>0</truncated>
		<difficult>0</difficult>
		<bndbox>
			<xmin>1135</xmin>
			<ymin>907</ymin>
			<xmax>1455</xmax>
			<ymax>1133</ymax>
		</bndbox>
	</object>
	<object>
		<name>Krabby Patty</name>
		<pose>Unspecified</pose>
		<truncated>0</truncated>
		<difficult>0</difficult>
		<bndbox>
			<xmin>1008</xmin>
			<ymin>1058</ymin>
			<xmax>1263</xmax>
			<ymax>1249</ymax>
		</bndbox>
	</object>
	<object>
		<name>Krabby Patty</name>
		<pose>Unspecified</pose>
		<truncated>0</truncated>
		<difficult>0</difficult>
		<bndbox>
			<xmin>1436</xmin>
			<ymin>1042</ymin>
			<xmax>1624</xmax>
			<ymax>1249</ymax>
		</bndbox>
	</object>
	<object>
		<name>Krabby Patty</name>
		<pose>Unspecified</pose>
		<truncated>0</truncated>
		<difficult>0</difficult>
		<bndbox>
			<xmin>1218</xmin>
			<ymin>1088</ymin>
			<xmax>1406</xmax>
			<ymax>1291</ymax>
		</bndbox>
	</object>
</annotation>