<annotation>
	<folder>my-project-name</folder>
	<filename>Screenshot 2024-11-07 at 3.02.09 PM.png</filename>
	<path>/my-project-name/Screenshot 2024-11-07 at 3.02.09 PM.png</path>
	<source>
		<database>Unspecified</database>
	</source>
	<size>
		<width>2940</width>
		<height>1912</height>
		<depth>3</depth>
	</size>
	<object>
		<name>Krabby Patty</name>
		<pose>Unspecified</pose>
		<truncated>0</truncated>
		<difficult>0</difficult>
		<bndbox>
			<xmin>2094</xmin>
			<ymin>1018</ymin>
			<xmax>2275</xmax>
			<ymax>1206</ymax>
		</bndbox>
	</object>
	<object>
		<name>Krabby Patty</name>
		<pose>Unspecified</pose>
		<truncated>0</truncated>
		<difficult>0</difficult>
		<bndbox>
			<xmin>2511</xmin>
			<ymin>1029</ymin>
			<xmax>2639</xmax>
			<ymax>1214</ymax>
		</bndbox>
	</object>
</annotation>