<annotation>
	<folder>my-project-name</folder>
	<filename>Screenshot 2024-11-08 at 8.50.21 AM.png</filename>
	<path>/my-project-name/Screenshot 2024-11-08 at 8.50.21 AM.png</path>
	<source>
		<database>Unspecified</database>
	</source>
	<size>
		<width>2940</width>
		<height>1912</height>
		<depth>3</depth>
	</size>
	<object>
		<name>Krabby Patty</name>
		<pose>Unspecified</pose>
		<truncated>0</truncated>
		<difficult>0</difficult>
		<bndbox>
			<xmin>748</xmin>
			<ymin>933</ymin>
			<xmax>1098</xmax>
			<ymax>1245</ymax>
		</bndbox>
	</object>
	<object>
		<name>Krabby Patty</name>
		<pose>Unspecified</pose>
		<truncated>0</truncated>
		<difficult>0</difficult>
		<bndbox>
			<xmin>1038</xmin>
			<ymin>870</ymin>
			<xmax>1335</xmax>
			<ymax>1261</ymax>
		</bndbox>
	</object>
</annotation>