<annotation>
	<folder>my-project-name</folder>
	<filename>Screenshot 2024-11-07 at 3.04.44 PM.png</filename>
	<path>/my-project-name/Screenshot 2024-11-07 at 3.04.44 PM.png</path>
	<source>
		<database>Unspecified</database>
	</source>
	<size>
		<width>2940</width>
		<height>1912</height>
		<depth>3</depth>
	</size>
	<object>
		<name>Krabby Patty</name>
		<pose>Unspecified</pose>
		<truncated>0</truncated>
		<difficult>0</difficult>
		<bndbox>
			<xmin>1368</xmin>
			<ymin>1244</ymin>
			<xmax>1579</xmax>
			<ymax>1420</ymax>
		</bndbox>
	</object>
	<object>
		<name>Krabby Patty</name>
		<pose>Unspecified</pose>
		<truncated>0</truncated>
		<difficult>0</difficult>
		<bndbox>
			<xmin>553</xmin>
			<ymin>1052</ymin>
			<xmax>688</xmax>
			<ymax>1168</ymax>
		</bndbox>
	</object>
</annotation>