<annotation>
	<folder>my-project-name</folder>
	<filename>Screenshot 2024-11-07 at 2.57.07 PM.png</filename>
	<path>/my-project-name/Screenshot 2024-11-07 at 2.57.07 PM.png</path>
	<source>
		<database>Unspecified</database>
	</source>
	<size>
		<width>2940</width>
		<height>1912</height>
		<depth>3</depth>
	</size>
	<object>
		<name>Krabby Patty</name>
		<pose>Unspecified</pose>
		<truncated>0</truncated>
		<difficult>0</difficult>
		<bndbox>
			<xmin>1282</xmin>
			<ymin>1554</ymin>
			<xmax>1459</xmax>
			<ymax>1712</ymax>
		</bndbox>
	</object>
	<object>
		<name>Krabby Patty</name>
		<pose>Unspecified</pose>
		<truncated>0</truncated>
		<difficult>0</difficult>
		<bndbox>
			<xmin>2041</xmin>
			<ymin>1546</ymin>
			<xmax>2338</xmax>
			<ymax>1734</ymax>
		</bndbox>
	</object>
	<object>
		<name>Krabby Patty</name>
		<pose>Unspecified</pose>
		<truncated>0</truncated>
		<difficult>0</difficult>
		<bndbox>
			<xmin>2515</xmin>
			<ymin>1415</ymin>
			<xmax>2805</xmax>
			<ymax>1588</ymax>
		</bndbox>
	</object>
	<object>
		<name>Krabby Patty</name>
		<pose>Unspecified</pose>
		<truncated>0</truncated>
		<difficult>0</difficult>
		<bndbox>
			<xmin>1372</xmin>
			<ymin>497</ymin>
			<xmax>1628</xmax>
			<ymax>764</ymax>
		</bndbox>
	</object>
</annotation>