<annotation>
	<folder>my-project-name</folder>
	<filename>Screenshot 2024-11-07 at 2.47.09 PM.png</filename>
	<path>/my-project-name/Screenshot 2024-11-07 at 2.47.09 PM.png</path>
	<source>
		<database>Unspecified</database>
	</source>
	<size>
		<width>2342</width>
		<height>1418</height>
		<depth>3</depth>
	</size>
	<object>
		<name>Krabby Patty</name>
		<pose>Unspecified</pose>
		<truncated>0</truncated>
		<difficult>0</difficult>
		<bndbox>
			<xmin>1183</xmin>
			<ymin>767</ymin>
			<xmax>1399</xmax>
			<ymax>986</ymax>
		</bndbox>
	</object>
</annotation>