<annotation>
	<folder>my-project-name</folder>
	<filename>Screenshot 2024-11-08 at 8.50.03 AM.png</filename>
	<path>/my-project-name/Screenshot 2024-11-08 at 8.50.03 AM.png</path>
	<source>
		<database>Unspecified</database>
	</source>
	<size>
		<width>2940</width>
		<height>1912</height>
		<depth>3</depth>
	</size>
	<object>
		<name>Krabby Patty</name>
		<pose>Unspecified</pose>
		<truncated>0</truncated>
		<difficult>0</difficult>
		<bndbox>
			<xmin>1432</xmin>
			<ymin>1313</ymin>
			<xmax>1861</xmax>
			<ymax>1787</ymax>
		</bndbox>
	</object>
	<object>
		<name>Krabby Patty</name>
		<pose>Unspecified</pose>
		<truncated>0</truncated>
		<difficult>0</difficult>
		<bndbox>
			<xmin>1805</xmin>
			<ymin>1309</ymin>
			<xmax>2226</xmax>
			<ymax>1663</ymax>
		</bndbox>
	</object>
</annotation>