<annotation>
	<folder>my-project-name</folder>
	<filename>截屏2024-11-07 下午3.05.13.png</filename>
	<path>/my-project-name/截屏2024-11-07 下午3.05.13.png</path>
	<source>
		<database>Unspecified</database>
	</source>
	<size>
		<width>2940</width>
		<height>1912</height>
		<depth>3</depth>
	</size>
	<object>
		<name>Krabby Patty</name>
		<pose>Unspecified</pose>
		<truncated>0</truncated>
		<difficult>0</difficult>
		<bndbox>
			<xmin>462</xmin>
			<ymin>975</ymin>
			<xmax>790</xmax>
			<ymax>1268</ymax>
		</bndbox>
	</object>
	<object>
		<name>Krabby Patty</name>
		<pose>Unspecified</pose>
		<truncated>0</truncated>
		<difficult>0</difficult>
		<bndbox>
			<xmin>684</xmin>
			<ymin>964</ymin>
			<xmax>1004</xmax>
			<ymax>1223</ymax>
		</bndbox>
	</object>
</annotation>