<annotation>
	<folder>my-project-name</folder>
	<filename>截屏2024-11-07 下午3.02.55.png</filename>
	<path>/my-project-name/截屏2024-11-07 下午3.02.55.png</path>
	<source>
		<database>Unspecified</database>
	</source>
	<size>
		<width>2940</width>
		<height>1912</height>
		<depth>3</depth>
	</size>
	<object>
		<name>Krabby Patty</name>
		<pose>Unspecified</pose>
		<truncated>0</truncated>
		<difficult>0</difficult>
		<bndbox>
			<xmin>83</xmin>
			<ymin>990</ymin>
			<xmax>474</xmax>
			<ymax>1306</ymax>
		</bndbox>
	</object>
</annotation>