<annotation>
	<folder>my-project-name</folder>
	<filename>截屏2024-11-07 下午3.05.07.png</filename>
	<path>/my-project-name/截屏2024-11-07 下午3.05.07.png</path>
	<source>
		<database>Unspecified</database>
	</source>
	<size>
		<width>2940</width>
		<height>1912</height>
		<depth>3</depth>
	</size>
	<object>
		<name>Krabby Patty</name>
		<pose>Unspecified</pose>
		<truncated>0</truncated>
		<difficult>0</difficult>
		<bndbox>
			<xmin>1669</xmin>
			<ymin>479</ymin>
			<xmax>2218</xmax>
			<ymax>881</ymax>
		</bndbox>
	</object>
	<object>
		<name>Krabby Patty</name>
		<pose>Unspecified</pose>
		<truncated>0</truncated>
		<difficult>0</difficult>
		<bndbox>
			<xmin>2075</xmin>
			<ymin>479</ymin>
			<xmax>2463</xmax>
			<ymax>843</ymax>
		</bndbox>
	</object>
</annotation>