<annotation>
	<folder>my-project-name</folder>
	<filename>截屏2024-11-01 下午2.34.37.png</filename>
	<path>/my-project-name/截屏2024-11-01 下午2.34.37.png</path>
	<source>
		<database>Unspecified</database>
	</source>
	<size>
		<width>2940</width>
		<height>1912</height>
		<depth>3</depth>
	</size>
	<object>
		<name>Krabby Patty</name>
		<pose>Unspecified</pose>
		<truncated>0</truncated>
		<difficult>0</difficult>
		<bndbox>
			<xmin>902</xmin>
			<ymin>1170</ymin>
			<xmax>1248</xmax>
			<ymax>1418</ymax>
		</bndbox>
	</object>
</annotation>