<annotation>
	<folder>my-project-name</folder>
	<filename>截屏2024-11-07 下午3.02.14.png</filename>
	<path>/my-project-name/截屏2024-11-07 下午3.02.14.png</path>
	<source>
		<database>Unspecified</database>
	</source>
	<size>
		<width>2940</width>
		<height>1912</height>
		<depth>3</depth>
	</size>
	<object>
		<name>Krabby Patty</name>
		<pose>Unspecified</pose>
		<truncated>0</truncated>
		<difficult>0</difficult>
		<bndbox>
			<xmin>910</xmin>
			<ymin>531</ymin>
			<xmax>1598</xmax>
			<ymax>1073</ymax>
		</bndbox>
	</object>
	<object>
		<name>Krabby Patty</name>
		<pose>Unspecified</pose>
		<truncated>0</truncated>
		<difficult>0</difficult>
		<bndbox>
			<xmin>1511</xmin>
			<ymin>486</ymin>
			<xmax>2068</xmax>
			<ymax>990</ymax>
		</bndbox>
	</object>
</annotation>