<annotation>
	<folder>my-project-name</folder>
	<filename>截屏2024-11-07 下午3.02.40.png</filename>
	<path>/my-project-name/截屏2024-11-07 下午3.02.40.png</path>
	<source>
		<database>Unspecified</database>
	</source>
	<size>
		<width>2940</width>
		<height>1912</height>
		<depth>3</depth>
	</size>
	<object>
		<name>Krabby Patty</name>
		<pose>Unspecified</pose>
		<truncated>0</truncated>
		<difficult>0</difficult>
		<bndbox>
			<xmin>1143</xmin>
			<ymin>1227</ymin>
			<xmax>1553</xmax>
			<ymax>1520</ymax>
		</bndbox>
	</object>
	<object>
		<name>Krabby Patty</name>
		<pose>Unspecified</pose>
		<truncated>0</truncated>
		<difficult>0</difficult>
		<bndbox>
			<xmin>1459</xmin>
			<ymin>1118</ymin>
			<xmax>1748</xmax>
			<ymax>1433</ymax>
		</bndbox>
	</object>
	<object>
		<name>Krabby Patty</name>
		<pose>Unspecified</pose>
		<truncated>0</truncated>
		<difficult>0</difficult>
		<bndbox>
			<xmin>1643</xmin>
			<ymin>1253</ymin>
			<xmax>1853</xmax>
			<ymax>1542</ymax>
		</bndbox>
	</object>
</annotation>